record_id,citation_key,title,year,first_author,doi,source_database,discovery_search_ids,duplicate_of,title_abstract_decision,title_abstract_reason,full_text_status,full_text_decision,full_text_reason,reviewer,decision_date,notes
REC-0001,,"Adaptive Federated Kalman Filter With Fault Detection for INS/GNSS/VC/SFC Integration in Fixed-Wing UAVs",2026,Ramezanifard,,Consensus,PILOT-20260728-01,,maybe,"Directly relevant adaptive federated filtering, FDI, pseudo-measurements, and GNSS outage scenario",not_sought,,,Codex,2026-07-28,"Abstract/metadata screening only; DOI not confirmed; simulation evidence reported by abstract"
REC-0002,,"A Learning-Based Measurement Validation Approach for Cooperative Multi-UAV Navigation Using Kalman Filtering",2025,Taşan,10.3390/drones9120834,Consensus,PILOT-20260728-01,,maybe,"Directly relevant learned measurement validation before Kalman updates under degraded observations",not_sought,,,Codex,2026-07-28,"Abstract/metadata screening only; Monte Carlo evidence reported by abstract"
REC-0003,,"A Hybrid Model and Learning-Based Adaptive Navigation Filter",2022,Or,10.1109/TIM.2022.3197775,Consensus,PILOT-20260728-01,,maybe,"Directly relevant hybrid model/learning architecture that tunes Kalman process-noise covariance",not_sought,,,Codex,2026-07-28,"Abstract/metadata screening only; quadrotor field experiment reported by abstract"
REC-0004,,"Data fusion fault tolerant strategy for a quadrotor UAV under sensors and software faults",2022,Hamadi,10.1016/j.isatra.2022.01.007,Consensus,"PILOT-20260728-01;PILOT-20260728-03",,maybe,"Directly relevant fault-tolerant Kalman data fusion, analytical redundancy, detection, and recovery",not_sought,,,Codex,2026-07-28,"Publisher metadata reports numerical simulation and outdoor experimental flights; full-text assessment pending"
REC-0005,,"A hybrid feature model and deep learning based fault diagnosis for unmanned aerial vehicle sensors",2018,Guo,10.1016/j.neucom.2018.08.046,Consensus,PILOT-20260728-02,,maybe,"Directly relevant model-residual plus learned temporal/time-frequency sensor diagnosis with UAV flight experiments",not_sought,,,Codex,2026-07-28,"Publisher abstract/metadata screening only; full-text assessment pending"
REC-0006,,"Application of a Multimodal Deep Learning Model Based on Recursive Fusion Feature Map With Transformer–TCN for Complex Fault Diagnosis of Flying Wing UAV Actuators",2025,Zhang,10.1109/TIM.2025.3561438,Consensus,PILOT-20260728-02,,maybe,"Directly relevant temporal deep learning and multimodal health inference, but focused on actuator diagnosis",not_sought,,,Codex,2026-07-28,"Abstract/metadata screening only; simulation dataset reported by abstract"
REC-0007,,"An Informational Approach for Fault Tolerant Data Fusion Applied to a UAV's Attitude, Altitude, and Position Estimation",2021,Saied,10.1109/JSEN.2021.3124731,Consensus,PILOT-20260728-03,,maybe,"Directly relevant residual-based sensor isolation, Kalman data fusion, and system recovery",not_sought,,,Codex,2026-07-28,"Abstract/metadata screening only; offline validation with real UAV measurements and fault injection reported"
REC-0008,,"Fault Detection and Fault-Tolerant Cooperative Control of Multi-UAVs under Actuator Faults, Sensor Faults, and Wind Disturbances",2023,Yang,10.3390/drones7080503,Consensus,PILOT-20260728-03,,maybe,"Relevant integration of fault detection, state estimation, and fault-tolerant control under multiple disturbance types",not_sought,,,Codex,2026-07-28,"Abstract/metadata screening only; numerical simulation evidence reported"
REC-0009,,"A Survey on Fault Diagnosis and Fault-Tolerant Control Methods for Unmanned Aerial Vehicles",2021,Fourlas,10.3390/machines9090197,Consensus,PILOT-20260728-04,,maybe,"Directly relevant review and taxonomy of UAV sensor/actuator diagnosis, anomaly detection, and fault-tolerant control",retrieved,,,Codex,2026-07-28,"Open-access full text located; formal eligibility and extraction pending"
REC-0010,,"ALFA: A dataset for UAV fault and anomaly detection",2021,Keipour,10.1177/0278364920966642,Consensus,PILOT-20260728-05,,maybe,"Directly relevant open fixed-wing flight dataset, ground-truth faults, tools, and comparison metrics",retrieved,,,Codex,2026-07-28,"Publisher full text located; issue year used; dataset DOI 10.1184/R1/12707963"
REC-0011,,"RflyMAD: A dataset for multicopter fault detection and health assessment",2025,Le,10.1177/02783649241305153,Consensus,PILOT-20260728-05,,maybe,"Directly relevant open multicopter benchmark spanning SIL, HIL, and real flight fault cases",retrieved,,,Codex,2026-07-28,"Publisher issue year used; Consensus metadata reported an earlier year; full-text extraction pending"
REC-0012,,"Multi-sensor integrated navigation/positioning systems using data fusion: From analytics-based to learning-based approaches",2023,Zhuang,10.1016/j.inffus.2023.01.025,Consensus,PILOT-20260728-06,,maybe,"Broadly relevant review of analytic and learning-based multisensor fusion, design considerations, and navigation applications",retrieved,,,Codex,2026-07-28,"Publisher full text located; UAV is one application class rather than the sole focus"
